{
  "name": "sadaheformationspipeline",
  "properties": {
    "activities": [
      {
        "name": "RunScrapySpider",
        "type": "ExecutePipeline",
        "dependsOn": [],
        "userProperties": [],
        "linkedServiceName": {
          "referenceName": "AzureBatchLinkedService",
          "type": "LinkedServiceReference"
        },
        "typeProperties": {
          "pipelineReference": {
            "referenceName": "ExecuteScrapySpider",
            "type": "PipelineReference"
          }
        },
        "policy": {
          "timeout": "7.00:00:00",
          "retry": 3,
          "retryIntervalInSeconds": 30,
          "secureOutput": false,
          "secureInput": false
        }
      }
    ]
  }
}
